<?xml version="1.0" encoding="UTF-8" standalone="no"?><xmap-revision-content xmlns="urn:xmind:xmap:xmlns:revision:1.0" xmlns:fo="http://www.w3.org/1999/XSL/Format" xmlns:svg="http://www.w3.org/2000/svg" xmlns:xhtml="http://www.w3.org/1999/xhtml" xmlns:xlink="http://www.w3.org/1999/xlink"><sheet id="12b4gl7cvgtvo5ts983urm1tc7" modified-by="piyush" theme="4f3kfru884lrir42jk8cbf0aje" timestamp="1493144921123" xmlns="urn:xmind:xmap:xmlns:content:2.0"><topic id="0jn1k8ou4kdpiadqb1linjm5gc" modified-by="piyush" structure-class="org.xmind.ui.map.unbalanced" timestamp="1493144617947"><title>Self-stabilizing Label propagation</title><children><topics type="attached"><topic id="78lv2mt9rr1mf95kjhdcpf58rg" modified-by="piyush" timestamp="1493144598544"><title>introduction</title><position svg:x="131" svg:y="-108"/><marker-refs><marker-ref marker-id="flag-red"/></marker-refs></topic><topic id="3bc387cphgluposrbehk46o2q7" modified-by="piyush" structure-class="org.xmind.ui.logic.right" timestamp="1493144921123"><title>Experiments and results</title><children><topics type="attached"><topic id="1bg4mqli3p4l65o55orn9n8209" modified-by="piyush" style-id="4o47l7i8pcge0lh7mh8ckrsgmi" timestamp="1493010084194"><title>Intro Para</title><marker-refs><marker-ref marker-id="task-done"/></marker-refs></topic><topic id="3uqofv26u59vhrjr4slm8eknit" modified-by="piyush" style-id="4o47l7i8pcge0lh7mh8ckrsgmi" timestamp="1493013469736"><title>experimental setup</title><children><topics type="attached"><topic id="7ho5acv1fg93k5npihajfvbhe2" modified-by="piyush" style-id="4tpp37d9uck3r3i6491bo3388c" timestamp="1493013545796"><title>Test networks</title><marker-refs><marker-ref marker-id="task-done"/></marker-refs></topic><topic id="2qcouv7kn8r8vhsnjenh1abaqs" modified-by="piyush" style-id="4tpp37d9uck3r3i6491bo3388c" timestamp="1493013545809"><title>implementations</title><children><topics type="attached"><topic id="05tknls91ldske0jg50vhmsr79" modified-by="piyush" style-id="35i44r64dn9qbf2f731o9a8cpv" timestamp="1493013523000"><title>TMR</title><marker-refs><marker-ref marker-id="task-start"/></marker-refs></topic><topic id="1gni840k4bkpu2baehacf7e1pf" modified-by="piyush" style-id="35i44r64dn9qbf2f731o9a8cpv" timestamp="1493013523006"><title>SSHLP</title><marker-refs><marker-ref marker-id="task-start"/></marker-refs></topic><topic id="1bhs56pp31ce3jjkuohlu72r7e" modified-by="piyush" style-id="35i44r64dn9qbf2f731o9a8cpv" timestamp="1493013523013"><title>SSLP</title><marker-refs><marker-ref marker-id="task-start"/></marker-refs></topic><topic id="32gbegl8v1ahls29cc3rijq5ma" modified-by="piyush" style-id="35i44r64dn9qbf2f731o9a8cpv" timestamp="1493013522993"><title>BAseline</title><marker-refs><marker-ref marker-id="task-start"/></marker-refs></topic></topics></children><marker-refs><marker-ref marker-id="task-5oct"/></marker-refs></topic><topic id="51u396m7jfj03fo05vcntvqnjl" modified-by="piyush" style-id="4tpp37d9uck3r3i6491bo3388c" timestamp="1493013545813"><title>system</title><marker-refs><marker-ref marker-id="task-done"/></marker-refs></topic><topic id="4094oomm3r8et6qp2kntcs5p2f" modified-by="piyush" style-id="4tpp37d9uck3r3i6491bo3388c" timestamp="1493013545822"><title>fault injection</title><marker-refs><marker-ref marker-id="task-done"/></marker-refs></topic><topic id="5u7dd7utnjra5pqv1ul3kdgmb6" modified-by="piyush" style-id="4tpp37d9uck3r3i6491bo3388c" timestamp="1493125163640"><title>Test network table</title><marker-refs><marker-ref marker-id="task-3quar"/></marker-refs><children><topics type="attached"><topic id="0gkja5721a12jh5ieqhaseg3lt" modified-by="piyush" style-id="41sgv4g3kuonqdphkv2876m0q8" timestamp="1493125312310"><title>font, asthetics alignment and book tabs</title><marker-refs><marker-ref marker-id="task-start"/></marker-refs></topic></topics></children></topic></topics></children><marker-refs><marker-ref marker-id="task-7oct"/></marker-refs><numbering number-format="org.xmind.numbering.none"/></topic><topic id="2g5jk4g8vm0egrg37dch4v3ts3" modified-by="piyush" structure-class="org.xmind.ui.timeline.vertical" style-id="4o47l7i8pcge0lh7mh8ckrsgmi" timestamp="1493109100473"><title>Success Rate</title><children><topics type="attached"><topic id="5pujshljqh7h989ge8f0m1nea2" modified-by="piyush" style-id="4tpp37d9uck3r3i6491bo3388c" timestamp="1493099415261"><title>draft plot</title><children><topics type="attached"><topic id="4u7evup6sgi2q0sqbqsur7asjh" modified-by="piyush" style-id="4tpp37d9uck3r3i6491bo3388c" timestamp="1493099431596"><title>Edit caption</title></topic><topic id="4uitogg03lp5a9r4j48dcm3fsv" modified-by="piyush" style-id="4tpp37d9uck3r3i6491bo3388c" timestamp="1493099440016"><title>Add label</title></topic></topics></children><marker-refs><marker-ref marker-id="task-done"/></marker-refs></topic><topic id="528ncrb326hvf2idbnc63o34lt" modified-by="piyush" style-id="4tpp37d9uck3r3i6491bo3388c" timestamp="1493117633185"><title>explain the experiment</title><marker-refs><marker-ref marker-id="task-done"/></marker-refs></topic><topic id="0n6787nqp85qbol78m4ojfhdr5" modified-by="piyush" style-id="4tpp37d9uck3r3i6491bo3388c" timestamp="1493107681380"><title>analyze the results</title><marker-refs><marker-ref marker-id="task-start"/></marker-refs></topic></topics></children><marker-refs><marker-ref marker-id="task-quarter"/><marker-ref marker-id="priority-2"/></marker-refs></topic><topic id="1b14bhlvrh81ke6t0q9tja72ad" modified-by="piyush" structure-class="org.xmind.ui.timeline.vertical" style-id="4o47l7i8pcge0lh7mh8ckrsgmi" timestamp="1493109146824"><title>Overhead iteration</title><marker-refs><marker-ref marker-id="task-start"/><marker-ref marker-id="priority-3"/></marker-refs><children><topics type="attached"><topic id="1c3tv5i9ag55m9tpfml0ckrngk" modified-by="piyush" style-id="4tpp37d9uck3r3i6491bo3388c" timestamp="1493109057123"><title>Insert the plot</title><marker-refs><marker-ref marker-id="task-start"/></marker-refs><notes><html><xhtml:p>For time being I have only included astro-ph plots. Doing more experiments to see how the data look and than include the plots.</xhtml:p></html><plain>For time being I have only included astro-ph plots. Doing more experiments to see how the data look and than include the plots.</plain></notes><children><topics type="attached"><topic id="4e421suf91pagamuredv2ahkiv" modified-by="piyush" style-id="4tpp37d9uck3r3i6491bo3388c" timestamp="1493108248118"><title>More experiments</title><marker-refs><marker-ref marker-id="priority-5"/><marker-ref marker-id="task-start"/></marker-refs></topic><topic id="6v4k3os58jq933hm85uv2n7kup" modified-by="piyush" style-id="4tpp37d9uck3r3i6491bo3388c" timestamp="1493108248119"><title>Improve Plot</title><marker-refs><marker-ref marker-id="priority-5"/><marker-ref marker-id="task-start"/></marker-refs></topic><topic id="0hp4ms6g19vea032ubdttvf4kt" modified-by="piyush" style-id="4tpp37d9uck3r3i6491bo3388c" timestamp="1493109082690"><title>Draft plot</title><marker-refs><marker-ref marker-id="task-done"/></marker-refs></topic></topics></children></topic><topic id="4k7dknvqromeiii87rpr1guqdf" modified-by="piyush" style-id="4tpp37d9uck3r3i6491bo3388c" timestamp="1493107662282"><title>explain the experiment</title><marker-refs><marker-ref marker-id="task-start"/></marker-refs></topic><topic id="7nu8v17o0vnm3oaapf9i7nltoa" modified-by="piyush" style-id="4tpp37d9uck3r3i6491bo3388c" timestamp="1493107662279"><title>analyze the result</title><marker-refs><marker-ref marker-id="task-start"/></marker-refs></topic></topics></children></topic><topic id="2mjkstm9suqm2i4i7i4sut29rh" modified-by="piyush" structure-class="org.xmind.ui.timeline.vertical" style-id="4o47l7i8pcge0lh7mh8ckrsgmi" timestamp="1493109109456"><title>Overhead time</title><marker-refs><marker-ref marker-id="task-start"/><marker-ref marker-id="priority-2"/></marker-refs><children><topics type="attached"><topic id="03uuaun406oj5d979r6rvvvl2v" modified-by="piyush" style-id="4tpp37d9uck3r3i6491bo3388c" timestamp="1493109049535"><title>draft plot</title><marker-refs><marker-ref marker-id="task-done"/></marker-refs></topic><topic id="3ebbkm90c01s1p5sh9nirhiutl" modified-by="piyush" style-id="4tpp37d9uck3r3i6491bo3388c" timestamp="1493107662276"><title>explain the experiment</title><marker-refs><marker-ref marker-id="task-start"/></marker-refs></topic><topic id="20nlprvldt9afe924n1avknmsf" modified-by="piyush" style-id="4tpp37d9uck3r3i6491bo3388c" timestamp="1493107662278"><title>analyze the results</title><marker-refs><marker-ref marker-id="task-start"/></marker-refs></topic></topics></children></topic></topics></children><marker-refs><marker-ref marker-id="task-3quar"/></marker-refs></topic><topic id="2b7v0aphsced3q1i8272hinu4r" modified-by="piyush" structure-class="org.xmind.ui.org-chart.down" timestamp="1493143913770"><title>SSLP </title><position svg:x="117" svg:y="141"/><children><topics type="attached"><topic id="4lm4q2uogu5jr8ra7ffm0457c6" modified-by="piyush" style-id="4tpp37d9uck3r3i6491bo3388c" timestamp="1493144069646"><title>Figure</title></topic><topic id="13s9f5c1js894vfs8mmikq2rhs" modified-by="piyush" style-id="4tpp37d9uck3r3i6491bo3388c" timestamp="1493144069639"><title>algorithms	</title><marker-refs><marker-ref marker-id="task-half"/></marker-refs></topic><topic id="1hh176rib4oqbl2g6dosmq11t0" modified-by="piyush" style-id="4tpp37d9uck3r3i6491bo3388c" timestamp="1493144069634"><title>texts	</title><marker-refs><marker-ref marker-id="task-3quar"/></marker-refs></topic></topics></children><marker-refs><marker-ref marker-id="task-5oct"/></marker-refs></topic><topic id="1dvdt25khhegcssskv70rhe8r9" modified-by="piyush" structure-class="org.xmind.ui.org-chart.down" timestamp="1493144049368"><title>connected component background</title><position svg:x="-146" svg:y="149"/><children><topics type="attached"><topic id="4q26dhvkkitg0h7m7bh8gnagr2" modified-by="piyush" structure-class="org.xmind.ui.org-chart.down" style-id="4tpp37d9uck3r3i6491bo3388c" timestamp="1493144069659"><title>Figure</title><marker-refs><marker-ref marker-id="task-5oct"/></marker-refs></topic><topic id="7uck739lc9dpnpcocvfq8u15l4" modified-by="piyush" style-id="4tpp37d9uck3r3i6491bo3388c" timestamp="1493144069650"><title>texts</title><marker-refs><marker-ref marker-id="task-3oct"/></marker-refs></topic></topics></children><marker-refs><marker-ref marker-id="task-5oct"/></marker-refs></topic><topic id="6b44acu1u8ivh8hkk26g985klg" modified-by="piyush" timestamp="1493144617911"><title>faults and self-stabilization section</title><marker-refs><marker-ref marker-id="task-half"/></marker-refs></topic><topic id="1lqbjgvb0j3l0jnkob02j3n003" modified-by="piyush" timestamp="1492981551887"><title>Related work</title></topic><topic id="0r6f5n6poha7c9k68mct3blfss" modified-by="piyush" timestamp="1493005043967"><title>Abstract</title></topic><topic id="0imcefsaor0bvhnoa9tsbp0g43" modified-by="piyush" timestamp="1493109179792"><title>Conclusion</title></topic></topics></children><extensions><extension provider="org.xmind.ui.map.unbalanced"><content><right-number>3</right-number></content></extension></extensions><marker-refs><marker-ref marker-id="task-start"/></marker-refs></topic><title>Sheet 1</title><legend visibility="visible"><position svg:x="323" svg:y="26"/></legend></sheet></xmap-revision-content>