<?xml version="1.0" encoding="UTF-8" standalone="no"?><xmap-revision-content xmlns="urn:xmind:xmap:xmlns:revision:1.0" xmlns:fo="http://www.w3.org/1999/XSL/Format" xmlns:svg="http://www.w3.org/2000/svg" xmlns:xhtml="http://www.w3.org/1999/xhtml" xmlns:xlink="http://www.w3.org/1999/xlink"><sheet id="12b4gl7cvgtvo5ts983urm1tc7" modified-by="piyush" theme="4f3kfru884lrir42jk8cbf0aje" timestamp="1493013265891" xmlns="urn:xmind:xmap:xmlns:content:2.0"><topic id="0jn1k8ou4kdpiadqb1linjm5gc" modified-by="piyush" structure-class="org.xmind.ui.map.unbalanced" timestamp="1493013146584"><title>Self-stabilizing Label propagation</title><children><topics type="attached"><topic id="78lv2mt9rr1mf95kjhdcpf58rg" modified-by="piyush" timestamp="1493004691938"><title>introduction</title><position svg:x="131" svg:y="-108"/></topic><topic id="3bc387cphgluposrbehk46o2q7" modified-by="piyush" structure-class="org.xmind.ui.logic.right" timestamp="1493010050378"><title>Experiments and results</title><children><topics type="attached"><topic id="1bg4mqli3p4l65o55orn9n8209" modified-by="piyush" style-id="4o47l7i8pcge0lh7mh8ckrsgmi" timestamp="1493010084194"><title>Intro Para</title><marker-refs><marker-ref marker-id="task-done"/></marker-refs></topic><topic id="3uqofv26u59vhrjr4slm8eknit" modified-by="piyush" style-id="4o47l7i8pcge0lh7mh8ckrsgmi" timestamp="1493013191266"><title>experimental setup</title><children><topics type="attached"><topic id="7ho5acv1fg93k5npihajfvbhe2" modified-by="piyush" style-id="7i1gjto2bsubjl25spkc5k990t" timestamp="1493013265891"><title>Test networks</title><marker-refs><marker-ref marker-id="task-done"/></marker-refs></topic><topic id="2qcouv7kn8r8vhsnjenh1abaqs" modified-by="piyush" style-id="7i1gjto2bsubjl25spkc5k990t" timestamp="1493013265886"><title>implementations</title><children><topics type="attached"><topic id="05tknls91ldske0jg50vhmsr79" modified-by="piyush" timestamp="1493013116359"><title>TMR</title><marker-refs><marker-ref marker-id="task-start"/></marker-refs></topic><topic id="1gni840k4bkpu2baehacf7e1pf" modified-by="piyush" timestamp="1493013118253"><title>SSHLP</title><marker-refs><marker-ref marker-id="task-start"/></marker-refs></topic><topic id="1bhs56pp31ce3jjkuohlu72r7e" modified-by="piyush" timestamp="1493013120315"><title>SSLP</title><marker-refs><marker-ref marker-id="task-start"/></marker-refs></topic><topic id="32gbegl8v1ahls29cc3rijq5ma" modified-by="piyush" timestamp="1493013122355"><title>BAseline</title><marker-refs><marker-ref marker-id="task-start"/></marker-refs></topic></topics></children><marker-refs><marker-ref marker-id="task-5oct"/></marker-refs></topic><topic id="51u396m7jfj03fo05vcntvqnjl" modified-by="piyush" style-id="7i1gjto2bsubjl25spkc5k990t" timestamp="1493013265875"><title>system</title><marker-refs><marker-ref marker-id="task-done"/></marker-refs></topic><topic id="4094oomm3r8et6qp2kntcs5p2f" modified-by="piyush" style-id="7i1gjto2bsubjl25spkc5k990t" timestamp="1493013265867"><title>fault injection</title><marker-refs><marker-ref marker-id="task-done"/></marker-refs></topic><topic id="5u7dd7utnjra5pqv1ul3kdgmb6" modified-by="piyush" style-id="7i1gjto2bsubjl25spkc5k990t" timestamp="1493013265871"><title>Test network table</title><marker-refs><marker-ref marker-id="task-start"/></marker-refs></topic></topics></children><marker-refs><marker-ref marker-id="task-7oct"/></marker-refs></topic><topic id="2g5jk4g8vm0egrg37dch4v3ts3" modified-by="piyush" style-id="4o47l7i8pcge0lh7mh8ckrsgmi" timestamp="1493010107564"><title>Success Rate</title><marker-refs><marker-ref marker-id="task-start"/></marker-refs></topic><topic id="1b14bhlvrh81ke6t0q9tja72ad" modified-by="piyush" style-id="4o47l7i8pcge0lh7mh8ckrsgmi" timestamp="1493010109105"><title>Overhead iteration</title><marker-refs><marker-ref marker-id="task-start"/></marker-refs></topic><topic id="2mjkstm9suqm2i4i7i4sut29rh" modified-by="piyush" style-id="4o47l7i8pcge0lh7mh8ckrsgmi" timestamp="1493010110729"><title>Overhead time</title><marker-refs><marker-ref marker-id="task-start"/></marker-refs></topic></topics></children></topic><topic id="2b7v0aphsced3q1i8272hinu4r" modified-by="piyush" timestamp="1493004676174"><title>SSLP </title><position svg:x="117" svg:y="141"/></topic><topic id="1dvdt25khhegcssskv70rhe8r9" modified-by="piyush" timestamp="1493004672907"><title>connected component background</title><position svg:x="-146" svg:y="149"/></topic><topic id="1lqbjgvb0j3l0jnkob02j3n003" modified-by="piyush" timestamp="1492981551887"><title>Related work</title></topic><topic id="6b44acu1u8ivh8hkk26g985klg" modified-by="piyush" timestamp="1492981551887"><title>faults and self-stabilization section</title></topic><topic id="0r6f5n6poha7c9k68mct3blfss" modified-by="piyush" timestamp="1493005043967"><title>Abstract</title></topic></topics></children><extensions><extension provider="org.xmind.ui.map.unbalanced"><content><right-number>3</right-number></content></extension></extensions><marker-refs><marker-ref marker-id="task-start"/></marker-refs></topic><title>Sheet 1</title></sheet></xmap-revision-content>