<?xml version="1.0" encoding="UTF-8" standalone="no"?><xmap-styles xmlns="urn:xmind:xmap:xmlns:style:2.0" xmlns:fo="http://www.w3.org/1999/XSL/Format" xmlns:svg="http://www.w3.org/2000/svg" version="2.0"><automatic-styles><style id="1oukbrq840ip0b4tal4eo4dd2k" name="" type="summary"><summary-properties line-color="#00a488"/></style><style id="11q6qlvk7rtf4fjf448nq1k96p" name="" type="topic"><topic-properties fo:color="#494004" fo:font-family="Arial" svg:fill="none"/></style><style id="2n4ug88kosge20cjnv14j07ec1" name="" type="boundary"><boundary-properties fo:color="#494004" fo:font-family="Roboto" fo:font-size="10pt" fo:font-style="italic" line-color="#bdec9c" line-pattern="dash" line-width="2pt" shape-class="org.xmind.boundaryShape.scallops" svg:fill="#bdec9c" svg:opacity=".5"/></style><style id="1lafegngt9clvhr79r31ppb4j9" name="" type="topic"><topic-properties border-line-color="#ff602d" border-line-width="0pt" callout-shape-class="org.xmind.calloutTopicShape.balloon.roundedRect" fo:color="#FFFFFF" fo:font-family="Roboto" fo:font-style="italic" line-class="org.xmind.branchConnection.roundedElbow" svg:fill="#ff602d"/></style><style id="736mpsupjvbmc6u8ogq92fb3pm" name="" type="topic"><topic-properties border-line-width="4pt" fo:color="#494004" fo:font-family="Arial" fo:font-weight="bold" line-class="org.xmind.branchConnection.curve" line-color="#00a488" line-width="2pt" shape-class="org.xmind.topicShape.roundedRect" svg:fill="#ffff97"/></style><style id="0vrf96g86b84d7h6s92vb63uap" name="" type="topic"><topic-properties border-line-color="#00a488" border-line-width="3pt" fo:color="#FFFFFF" fo:font-family="Arial" line-width="1pt" svg:fill="#00a488"/></style><style id="1v4o9taa2gihkag7tukk59k6sl" name="" type="topic"><topic-properties border-line-width="0pt" fo:color="#00a488" fo:font-family="Roboto Slab" fo:font-size="11pt" fo:font-style="italic" line-class="org.xmind.branchConnection.roundedElbow" shape-class="org.xmind.topicShape.ellipse" svg:fill="none"/></style><style id="3mpet6hvl0kfq4a3r17dsii596" name="" type="relationship"><relationship-properties arrow-begin-class="org.xmind.arrowShape.none" arrow-end-class="org.xmind.arrowShape.triangle" fo:color="#494004" fo:font-family="Roboto" fo:font-size="12pt" fo:font-style="italic" line-color="#ff602d" line-pattern="dash" line-width="2pt" shape-class="org.xmind.relationshipShape.curved"/></style><style id="2m36dbn7448ad8vndl7f5v50js" name="" type="topic"><topic-properties border-line-width="0pt" fo:color="#FFFFFF" fo:font-family="Arial" fo:font-size="14pt" fo:font-style="normal" fo:font-weight="normal" line-class="org.xmind.branchConnection.curve" line-color="#00a488" line-width="1pt" shape-class="org.xmind.topicShape.rect" svg:fill="#00a488"/></style><style id="4laosvhqvqedji8btuu54onegi" name="" type="map"><map-properties color-gradient="none" line-tapered="none" multi-line-colors="none" svg:fill="#FFFFFF"/></style><style id="3cenl2mnr7moomode0vn53cijj" name="" type="summary"><summary-properties line-color="#00a488"/></style><style id="3ural550gn3kn46lbnmq9gnbtq" name="" type="topic"><topic-properties fo:color="#494004" fo:font-family="Arial" svg:fill="none"/></style><style id="5okma1ndsqk31b62bd68g653dn" name="" type="boundary"><boundary-properties fo:color="#494004" fo:font-family="Roboto" fo:font-size="10pt" fo:font-style="italic" line-color="#bdec9c" line-pattern="dash" line-width="2pt" shape-class="org.xmind.boundaryShape.scallops" svg:fill="#bdec9c" svg:opacity=".5"/></style><style id="146mjrc27uvbd33gakc87ne0m1" name="" type="topic"><topic-properties border-line-color="#ff602d" border-line-width="0pt" callout-shape-class="org.xmind.calloutTopicShape.balloon.roundedRect" fo:color="#FFFFFF" fo:font-family="Roboto" fo:font-style="italic" line-class="org.xmind.branchConnection.roundedElbow" svg:fill="#ff602d"/></style><style id="4ssvofnau0fs1hooh9eot0nia4" name="" type="topic"><topic-properties border-line-width="4pt" fo:color="#494004" fo:font-family="Arial" fo:font-weight="bold" line-class="org.xmind.branchConnection.curve" line-color="#00a488" line-width="2pt" shape-class="org.xmind.topicShape.roundedRect" svg:fill="#ffff97"/></style><style id="4de5biuso383f23dp7it664qso" name="" type="topic"><topic-properties border-line-color="#00a488" border-line-width="3pt" fo:color="#FFFFFF" fo:font-family="Arial" line-width="1pt" svg:fill="#00a488"/></style><style id="7t7450d2lrvllu1feo9ibhcvno" name="" type="topic"><topic-properties border-line-width="0pt" fo:color="#00a488" fo:font-family="Roboto Slab" fo:font-size="11pt" fo:font-style="italic" line-class="org.xmind.branchConnection.roundedElbow" shape-class="org.xmind.topicShape.ellipse" svg:fill="none"/></style><style id="6e0d7kones2a3sveovooitd4q4" name="" type="relationship"><relationship-properties arrow-begin-class="org.xmind.arrowShape.none" arrow-end-class="org.xmind.arrowShape.triangle" fo:color="#494004" fo:font-family="Roboto" fo:font-size="12pt" fo:font-style="italic" line-color="#ff602d" line-pattern="dash" line-width="2pt" shape-class="org.xmind.relationshipShape.curved"/></style><style id="23cucotltc9hrlsf8qg065q1tp" name="" type="topic"><topic-properties border-line-width="0pt" fo:color="#FFFFFF" fo:font-family="Arial" fo:font-size="14pt" fo:font-style="normal" fo:font-weight="normal" line-class="org.xmind.branchConnection.curve" line-color="#00a488" line-width="1pt" shape-class="org.xmind.topicShape.rect" svg:fill="#00a488"/></style><style id="63rvgkhk5r1bsloouu20343eib" name="" type="map"><map-properties color-gradient="none" line-tapered="none" multi-line-colors="none" svg:fill="#FFFFFF"/></style><style id="0oetpbfssnhlrj3l3nhvgr2833" name="" type="summary"><summary-properties line-color="#00a488"/></style><style id="6ojtkt55q8uq0e9lo75iubugc6" name="" type="topic"><topic-properties fo:color="#494004" fo:font-family="Arial" svg:fill="none"/></style><style id="5i0tulq8teg4s4qnngdvpsorqo" name="" type="boundary"><boundary-properties fo:color="#494004" fo:font-family="Roboto" fo:font-size="10pt" fo:font-style="italic" line-color="#bdec9c" line-pattern="dash" line-width="2pt" shape-class="org.xmind.boundaryShape.scallops" svg:fill="#bdec9c" svg:opacity=".5"/></style><style id="3ahvl8oruk5n4shejren8pp5t9" name="" type="topic"><topic-properties border-line-color="#ff602d" border-line-width="0pt" callout-shape-class="org.xmind.calloutTopicShape.balloon.roundedRect" fo:color="#FFFFFF" fo:font-family="Roboto" fo:font-style="italic" line-class="org.xmind.branchConnection.roundedElbow" svg:fill="#ff602d"/></style><style id="7nc4mnu4ahcsh9leklbuaek5ad" name="" type="topic"><topic-properties border-line-width="4pt" fo:color="#494004" fo:font-family="Arial" fo:font-weight="bold" line-class="org.xmind.branchConnection.curve" line-color="#00a488" line-width="2pt" shape-class="org.xmind.topicShape.roundedRect" svg:fill="#ffff97"/></style><style id="4bvcb6k4uolqbptbel8gv6vs2v" name="" type="topic"><topic-properties border-line-color="#00a488" border-line-width="3pt" fo:color="#FFFFFF" fo:font-family="Arial" line-width="1pt" svg:fill="#00a488"/></style><style id="6h3j1v7pf7moji7lcd7imf0e58" name="" type="topic"><topic-properties border-line-width="0pt" fo:color="#00a488" fo:font-family="Roboto Slab" fo:font-size="11pt" fo:font-style="italic" line-class="org.xmind.branchConnection.roundedElbow" shape-class="org.xmind.topicShape.ellipse" svg:fill="none"/></style><style id="3l5r0gr5603cp18n980bjqracg" name="" type="relationship"><relationship-properties arrow-begin-class="org.xmind.arrowShape.none" arrow-end-class="org.xmind.arrowShape.triangle" fo:color="#494004" fo:font-family="Roboto" fo:font-size="12pt" fo:font-style="italic" line-color="#ff602d" line-pattern="dash" line-width="2pt" shape-class="org.xmind.relationshipShape.curved"/></style><style id="78r1olaf0q8tr5kgvorisrpask" name="" type="topic"><topic-properties border-line-width="0pt" fo:color="#FFFFFF" fo:font-family="Arial" fo:font-size="14pt" fo:font-style="normal" fo:font-weight="normal" line-class="org.xmind.branchConnection.curve" line-color="#00a488" line-width="1pt" shape-class="org.xmind.topicShape.rect" svg:fill="#00a488"/></style><style id="34qgvmfeqe6j4nrk96pi1iprda" name="" type="map"><map-properties color-gradient="none" line-tapered="none" multi-line-colors="none" svg:fill="#FFFFFF"/></style></automatic-styles><master-styles><style id="4f3kfru884lrir42jk8cbf0aje" name="CoolMint" type="theme"><theme-properties><default-style style-family="summary" style-id="1oukbrq840ip0b4tal4eo4dd2k"/><default-style style-family="subTopic" style-id="11q6qlvk7rtf4fjf448nq1k96p"/><default-style style-family="boundary" style-id="2n4ug88kosge20cjnv14j07ec1"/><default-style style-family="calloutTopic" style-id="1lafegngt9clvhr79r31ppb4j9"/><default-style style-family="centralTopic" style-id="736mpsupjvbmc6u8ogq92fb3pm"/><default-style style-family="mainTopic" style-id="0vrf96g86b84d7h6s92vb63uap"/><default-style style-family="summaryTopic" style-id="1v4o9taa2gihkag7tukk59k6sl"/><default-style style-family="relationship" style-id="3mpet6hvl0kfq4a3r17dsii596"/><default-style style-family="floatingTopic" style-id="2m36dbn7448ad8vndl7f5v50js"/><default-style style-family="map" style-id="4laosvhqvqedji8btuu54onegi"/></theme-properties></style><style id="66p189mf0ff4g7v1dje892s7t1" name="CoolMint" type="theme"><theme-properties><default-style style-family="summary" style-id="3cenl2mnr7moomode0vn53cijj"/><default-style style-family="subTopic" style-id="3ural550gn3kn46lbnmq9gnbtq"/><default-style style-family="boundary" style-id="5okma1ndsqk31b62bd68g653dn"/><default-style style-family="calloutTopic" style-id="146mjrc27uvbd33gakc87ne0m1"/><default-style style-family="centralTopic" style-id="4ssvofnau0fs1hooh9eot0nia4"/><default-style style-family="mainTopic" style-id="4de5biuso383f23dp7it664qso"/><default-style style-family="summaryTopic" style-id="7t7450d2lrvllu1feo9ibhcvno"/><default-style style-family="relationship" style-id="6e0d7kones2a3sveovooitd4q4"/><default-style style-family="floatingTopic" style-id="23cucotltc9hrlsf8qg065q1tp"/><default-style style-family="map" style-id="63rvgkhk5r1bsloouu20343eib"/></theme-properties></style><style id="10j3f73at8cdemhsu4rtocfvjv" name="CoolMint" type="theme"><theme-properties><default-style style-family="summary" style-id="0oetpbfssnhlrj3l3nhvgr2833"/><default-style style-family="subTopic" style-id="6ojtkt55q8uq0e9lo75iubugc6"/><default-style style-family="boundary" style-id="5i0tulq8teg4s4qnngdvpsorqo"/><default-style style-family="calloutTopic" style-id="3ahvl8oruk5n4shejren8pp5t9"/><default-style style-family="centralTopic" style-id="7nc4mnu4ahcsh9leklbuaek5ad"/><default-style style-family="mainTopic" style-id="4bvcb6k4uolqbptbel8gv6vs2v"/><default-style style-family="summaryTopic" style-id="6h3j1v7pf7moji7lcd7imf0e58"/><default-style style-family="relationship" style-id="3l5r0gr5603cp18n980bjqracg"/><default-style style-family="floatingTopic" style-id="78r1olaf0q8tr5kgvorisrpask"/><default-style style-family="map" style-id="34qgvmfeqe6j4nrk96pi1iprda"/></theme-properties></style></master-styles><styles><style id="2olhda3up0ia0sv3fl7f4mq0lg" type="topic"><topic-properties border-line-color="#0D46AA" border-line-width="1pt" fo:color="#0A5CB9" fo:font-family="Open Sans" fo:font-size="13pt" fo:font-weight="normal" fo:text-transform="capitalize" line-width="1pt" svg:fill="#FFFFFF"/></style><style id="4o47l7i8pcge0lh7mh8ckrsgmi" type="topic"><topic-properties border-line-color="#0D46AA" border-line-width="1pt" fo:color="#0A5CB9" fo:font-family="Open Sans" fo:font-size="13pt" fo:font-weight="normal" fo:text-transform="capitalize" line-width="1pt" shape-class="org.xmind.topicShape.roundedRect" svg:fill="#FFFFFF"/></style><style id="4sp14b38h03fke02t3ar7sij1o" name="" type="topic"><topic-properties border-line-color="#0D46AA" border-line-width="1pt" fo:color="#0A5CB9" fo:font-family="Open Sans" fo:font-size="13pt" fo:font-weight="normal" fo:text-transform="capitalize" line-width="1pt" shape-class="org.xmind.topicShape.roundedRect" svg:fill="#FFFFFF"/></style><style id="73ui1lbjras9p65cjiga7jmsa7" name="" type="topic"><topic-properties border-line-color="#0D46AA" border-line-width="1pt" fo:color="#0A5CB9" fo:font-family="Open Sans" fo:font-size="13pt" fo:font-weight="normal" fo:text-transform="capitalize" line-width="1pt" shape-class="org.xmind.topicShape.roundedRect" svg:fill="#FFFFFF"/></style><style id="7i1gjto2bsubjl25spkc5k990t" type="topic"><topic-properties shape-class="org.xmind.topicShape.ellipse"/></style><style id="35i44r64dn9qbf2f731o9a8cpv" type="topic"><topic-properties fo:font-family="Arial" fo:font-size="13pt"/></style><style id="4tpp37d9uck3r3i6491bo3388c" type="topic"><topic-properties border-line-color="#0083BF" border-line-width="1pt" fo:color="#FFFFFF" fo:font-family="Arial" fo:font-size="13pt" fo:font-weight="normal" fo:text-transform="lowercase" line-class="org.xmind.branchConnection.roundedElbow" line-color="#030303" line-width="2pt" shape-class="org.xmind.topicShape.roundedRect" svg:fill="#7F7F7F"/></style><style id="3enhc2gso5bcu8fo0tumbqgts6" type="topic"><topic-properties fo:font-size="12pt"/></style><style id="5pj9mo113hsmecq6l8ivhqp1mm" type="topic"><topic-properties fo:color="#EEECE1" fo:font-size="13pt" shape-class="org.xmind.topicShape.roundedRect" svg:fill="#7F7F7F"/></style><style id="41sgv4g3kuonqdphkv2876m0q8" type="topic"><topic-properties fo:color="#984807" fo:font-size="13pt" shape-class="org.xmind.topicShape.rect" svg:fill="#C6D9F1"/></style></styles></xmap-styles>