0, audikw1, 6, 1.178338e-01, 1.188045e-01, 6.461567e-01, 3.816993e-02, 158134784, 159586522, 33068824, 1074786, 133015
1, audikw1, 6, 1.315242e-01, 1.319007e-01, 4.917241e-01, 6.837102e-02, 158134784, 160600928, 61874694, 2090880, 284058
2, audikw1, 6, 1.294365e-01, 1.302322e-01, 4.912773e-01, 6.858053e-02, 158134784, 160186779, 62441374, 1675072, 286951
3, audikw1, 6, 1.280558e-01, 1.290939e-01, 4.896746e-01, 6.841514e-02, 158134784, 160031539, 62531770, 1520025, 287029
4, audikw1, 6, 1.271144e-01, 1.285131e-01, 4.880001e-01, 6.790624e-02, 158134784, 159910257, 62543782, 1399363, 286477
5, audikw1, 6, 1.264385e-01, 1.274902e-01, 4.873530e-01, 6.749180e-02, 158134784, 159818843, 62345766, 1307500, 285285
6, audikw1, 6, 1.257100e-01, 1.269792e-01, 4.869025e-01, 6.702678e-02, 158134784, 159735489, 62377180, 1223005, 285592
7, audikw1, 6, 1.251026e-01, 1.262245e-01, 4.857997e-01, 6.681149e-02, 158134784, 159658167, 62520188, 1146770, 286184
8, audikw1, 6, 1.246685e-01, 1.255357e-01, 4.843771e-01, 6.638600e-02, 158134784, 159592047, 62372338, 1081376, 285625
9, audikw1, 6, 1.241959e-01, 1.250831e-01, 4.850942e-01, 6.616629e-02, 158134784, 159547737, 62289630, 1035584, 285444
10, audikw1, 6, 1.239600e-01, 1.248853e-01, 4.837768e-01, 6.544698e-02, 158134784, 159510969, 61625330, 1000135, 281636
11, audikw1, 6, 1.237206e-01, 1.246718e-01, 4.835693e-01, 6.505896e-02, 158134784, 159480784, 61401184, 969659, 280624
12, audikw1, 6, 1.234548e-01, 1.244409e-01, 4.827473e-01, 6.413811e-02, 158134784, 159451893, 60551558, 941864, 276278
13, audikw1, 6, 1.233433e-01, 1.242462e-01, 4.844015e-01, 6.346156e-02, 158134784, 159430569, 59920412, 919539, 272816
14, audikw1, 6, 1.232247e-01, 1.240749e-01, 4.823133e-01, 6.273202e-02, 158134784, 159415431, 59154424, 903799, 268447
15, audikw1, 6, 1.230271e-01, 1.238640e-01, 4.824002e-01, 6.171960e-02, 158134784, 159387824, 58263086, 876552, 264002
16, audikw1, 6, 1.228788e-01, 1.237823e-01, 4.817062e-01, 6.108285e-02, 158134784, 159366164, 57582886, 853384, 260662
17, audikw1, 6, 1.227799e-01, 1.235679e-01, 4.822516e-01, 6.011937e-02, 158134784, 159337221, 56561134, 827736, 255346
18, audikw1, 6, 1.228047e-01, 1.234233e-01, 4.808656e-01, 5.918864e-02, 158134784, 159316392, 55710058, 806081, 250909
19, audikw1, 6, 1.224574e-01, 1.232526e-01, 4.818887e-01, 5.794903e-02, 158134784, 159287534, 54211438, 777235, 243451
20, audikw1, 6, 1.223496e-01, 1.233706e-01, 4.809800e-01, 5.619835e-02, 158134784, 159260024, 52517056, 748199, 235237
21, audikw1, 6, 1.221045e-01, 1.228642e-01, 4.792213e-01, 5.451686e-02, 158134784, 159225058, 50619828, 714827, 225081
22, audikw1, 6, 1.219171e-01, 1.228184e-01, 4.805462e-01, 5.253153e-02, 158134784, 159197439, 48573772, 685587, 214396
23, audikw1, 6, 1.217333e-01, 1.225495e-01, 4.790763e-01, 5.061775e-02, 158134784, 159161519, 46409994, 649776, 203379
24, audikw1, 6, 1.214622e-01, 1.222800e-01, 4.794552e-01, 4.850162e-02, 158134784, 159122613, 44106906, 611254, 191169
25, audikw1, 6, 1.212044e-01, 1.218673e-01, 4.772658e-01, 4.637906e-02, 158134784, 159076913, 41836160, 567172, 179258
26, audikw1, 6, 1.209589e-01, 1.216377e-01, 4.765059e-01, 4.429175e-02, 158134784, 159029345, 39461628, 518819, 166311
27, audikw1, 6, 1.205944e-01, 1.214208e-01, 4.757682e-01, 4.228503e-02, 158134784, 158979413, 37376894, 469493, 155042
28, audikw1, 6, 1.202878e-01, 1.211826e-01, 4.757509e-01, 4.052987e-02, 158134784, 158937363, 35412520, 426307, 144400
29, audikw1, 6, 1.201969e-01, 1.209661e-01, 4.746998e-01, 3.900278e-02, 158134784, 158899396, 33643974, 388167, 134742
30, audikw1, 6, 1.199064e-01, 1.206786e-01, 4.744096e-01, 3.755262e-02, 158134784, 158864160, 32064850, 354345, 126115
31, audikw1, 6, 1.197930e-01, 1.204911e-01, 4.736369e-01, 3.633362e-02, 158134784, 158839552, 30633302, 327729, 118232
32, audikw1, 6, 1.196601e-01, 1.203870e-01, 4.736538e-01, 3.496423e-02, 158134784, 158812615, 29036490, 302440, 109497
33, audikw1, 6, 1.196397e-01, 1.202278e-01, 4.731681e-01, 3.371571e-02, 158134784, 158788983, 27613248, 278723, 101604
34, audikw1, 6, 1.197177e-01, 1.202367e-01, 4.730694e-01, 3.272865e-02, 158134784, 158769608, 26442590, 258358, 94982
35, audikw1, 6, 1.192880e-01, 1.199468e-01, 4.733921e-01, 3.174901e-02, 158134784, 158748127, 25372642, 236928, 89011
36, audikw1, 6, 1.192454e-01, 1.199914e-01, 4.727492e-01, 3.082120e-02, 158134784, 158726847, 24353510, 215630, 83426
37, audikw1, 6, 1.191472e-01, 1.199984e-01, 4.717582e-01, 3.009114e-02, 158134784, 158709168, 23514440, 198322, 78581
38, audikw1, 6, 1.190327e-01, 1.196152e-01, 4.721567e-01, 2.914994e-02, 158134784, 158693248, 22428694, 182148, 73027
39, audikw1, 6, 1.189228e-01, 1.196140e-01, 4.714015e-01, 2.835263e-02, 158134784, 158677399, 21507824, 166691, 68042
40, audikw1, 6, 1.188609e-01, 1.194475e-01, 4.712464e-01, 2.750613e-02, 158134784, 158662032, 20526280, 150262, 62581
41, audikw1, 6, 1.188092e-01, 1.194709e-01, 4.712415e-01, 2.672607e-02, 158134784, 158645662, 19712266, 134696, 58000
42, audikw1, 6, 1.186978e-01, 1.193695e-01, 4.710308e-01, 2.596744e-02, 158134784, 158631445, 18870276, 119762, 53508
43, audikw1, 6, 1.187430e-01, 1.193576e-01, 4.697390e-01, 2.532026e-02, 158134784, 158617492, 18130616, 106462, 49394
44, audikw1, 6, 1.185069e-01, 1.190933e-01, 4.699006e-01, 2.485470e-02, 158134784, 158603913, 17585350, 93735, 46039
45, audikw1, 6, 1.183952e-01, 1.191573e-01, 4.700473e-01, 2.453463e-02, 158134784, 158591105, 17195436, 80772, 43986
46, audikw1, 6, 1.184125e-01, 1.190215e-01, 4.702184e-01, 2.417467e-02, 158134784, 158584416, 16802456, 73955, 41828
47, audikw1, 6, 1.183428e-01, 1.191215e-01, 4.700427e-01, 2.370057e-02, 158134784, 158576731, 16320464, 65553, 39305
48, audikw1, 6, 1.182393e-01, 1.190168e-01, 4.699574e-01, 2.340171e-02, 158134784, 158568310, 15984440, 56865, 37490
49, audikw1, 6, 1.181534e-01, 1.189336e-01, 4.695793e-01, 2.323716e-02, 158134784, 158560411, 15779220, 49891, 36216
50, audikw1, 6, 1.182393e-01, 1.188281e-01, 4.692334e-01, 2.296877e-02, 158134784, 158556108, 15499042, 44142, 34627
51, audikw1, 6, 1.184629e-01, 1.188226e-01, 4.695348e-01, 2.262465e-02, 158134784, 158550334, 15105530, 39899, 32762
52, audikw1, 6, 1.181561e-01, 1.188356e-01, 4.694883e-01, 2.261056e-02, 158134784, 158546651, 15103246, 35746, 32302
53, audikw1, 6, 1.180602e-01, 1.189679e-01, 4.695358e-01, 2.259941e-02, 158134784, 158544476, 15073584, 32721, 32310
54, audikw1, 6, 1.181729e-01, 1.187800e-01, 4.688611e-01, 2.258243e-02, 158134784, 158542555, 15037568, 32051, 32051
0, audikw1, 8, 1.178222e-01, 1.189236e-01, 4.962309e-01, 2.169729e-02, 158134784, 159205776, 15125190, 976512, 35445
1, audikw1, 8, 1.314500e-01, 1.319875e-01, 3.494861e-01, 3.321910e-02, 158134784, 160110426, 25177138, 1881863, 84706
2, audikw1, 8, 1.291988e-01, 1.302860e-01, 3.470635e-01, 3.349966e-02, 158134784, 159694883, 25362074, 1465628, 85553
3, audikw1, 8, 1.281190e-01, 1.291852e-01, 3.460491e-01, 3.338056e-02, 158134784, 159537399, 25358164, 1308671, 85630
4, audikw1, 8, 1.271935e-01, 1.283047e-01, 3.451235e-01, 3.329283e-02, 158134784, 159414726, 25432730, 1185312, 85691
5, audikw1, 8, 1.264788e-01, 1.274773e-01, 3.434831e-01, 3.318023e-02, 158134784, 159321894, 25394208, 1092414, 85851
6, audikw1, 8, 1.259310e-01, 1.268844e-01, 3.428996e-01, 3.307673e-02, 158134784, 159234270, 25437874, 1006041, 85600
7, audikw1, 8, 1.251252e-01, 1.261321e-01, 3.427028e-01, 3.300144e-02, 158134784, 159156299, 25507178, 927074, 85934
8, audikw1, 8, 1.246302e-01, 1.254814e-01, 3.417573e-01, 3.293506e-02, 158134784, 159089484, 25511318, 859924, 85778
9, audikw1, 8, 1.243053e-01, 1.251860e-01, 3.410551e-01, 3.288165e-02, 158134784, 159042456, 25532752, 813730, 85984
10, audikw1, 8, 1.240637e-01, 1.249718e-01, 3.400328e-01, 3.268330e-02, 158134784, 159010055, 25381602, 781110, 85299
11, audikw1, 8, 1.237256e-01, 1.246668e-01, 3.399264e-01, 3.247948e-02, 158134784, 158978876, 25230746, 750215, 84437
12, audikw1, 8, 1.234798e-01, 1.243393e-01, 3.396579e-01, 3.230892e-02, 158134784, 158954175, 25002570, 724833, 83370
13, audikw1, 8, 1.233681e-01, 1.242438e-01, 3.391753e-01, 3.198321e-02, 158134784, 158933550, 24744768, 704857, 82149
14, audikw1, 8, 1.231945e-01, 1.240857e-01, 3.386743e-01, 3.179379e-02, 158134784, 158922076, 24562496, 692369, 81161
15, audikw1, 8, 1.230859e-01, 1.241007e-01, 3.395121e-01, 3.146649e-02, 158134784, 158898611, 24348060, 668881, 79980
16, audikw1, 8, 1.228031e-01, 1.237293e-01, 3.382351e-01, 3.116775e-02, 158134784, 158877297, 24013276, 647870, 78493
17, audikw1, 8, 1.226857e-01, 1.235568e-01, 3.385543e-01, 3.090558e-02, 158134784, 158855962, 23859242, 626307, 77390
18, audikw1, 8, 1.226340e-01, 1.234572e-01, 3.383944e-01, 3.064008e-02, 158134784, 158837996, 23571546, 608564, 76359
19, audikw1, 8, 1.223993e-01, 1.232927e-01, 3.382212e-01, 3.014799e-02, 158134784, 158815386, 23151034, 586055, 74272
20, audikw1, 8, 1.222755e-01, 1.231560e-01, 3.376655e-01, 2.963810e-02, 158134784, 158791464, 22580188, 562930, 71263
21, audikw1, 8, 1.222069e-01, 1.230584e-01, 3.375250e-01, 2.893668e-02, 158134784, 158767566, 21991836, 538683, 68793
22, audikw1, 8, 1.221536e-01, 1.226763e-01, 3.372043e-01, 2.812368e-02, 158134784, 158746299, 21199628, 516931, 64706
23, audikw1, 8, 1.217399e-01, 1.225504e-01, 3.365606e-01, 2.739273e-02, 158134784, 158719495, 20528870, 490167, 61541
24, audikw1, 8, 1.214998e-01, 1.222817e-01, 3.356741e-01, 2.662971e-02, 158134784, 158690685, 19782402, 461612, 57669
25, audikw1, 8, 1.211744e-01, 1.220196e-01, 3.356022e-01, 2.588791e-02, 158134784, 158656641, 19056120, 427422, 54246
26, audikw1, 8, 1.209492e-01, 1.217757e-01, 3.359256e-01, 2.512658e-02, 158134784, 158617477, 18293040, 388938, 50523
27, audikw1, 8, 1.206220e-01, 1.213218e-01, 3.350840e-01, 2.435829e-02, 158134784, 158577975, 17661832, 349180, 46831
28, audikw1, 8, 1.203076e-01, 1.211755e-01, 3.341253e-01, 2.376081e-02, 158134784, 158545137, 17028258, 315069, 43782
29, audikw1, 8, 1.202616e-01, 1.209363e-01, 3.334579e-01, 2.313574e-02, 158134784, 158512805, 16455356, 284443, 40856
30, audikw1, 8, 1.200318e-01, 1.207049e-01, 3.334920e-01, 2.263716e-02, 158134784, 158486939, 15926888, 257247, 38048
31, audikw1, 8, 1.199191e-01, 1.206957e-01, 3.322544e-01, 2.206292e-02, 158134784, 158466290, 15357060, 237003, 35184
32, audikw1, 8, 1.197049e-01, 1.203218e-01, 3.329493e-01, 2.164928e-02, 158134784, 158447794, 14852692, 219074, 32521
33, audikw1, 8, 1.195753e-01, 1.201619e-01, 3.317440e-01, 2.117915e-02, 158134784, 158431488, 14406428, 202029, 30251
34, audikw1, 8, 1.195401e-01, 1.201712e-01, 3.318798e-01, 2.071467e-02, 158134784, 158415201, 13911812, 186748, 27617
35, audikw1, 8, 1.193105e-01, 1.200348e-01, 3.317302e-01, 2.031696e-02, 158134784, 158399017, 13579602, 170113, 25860
36, audikw1, 8, 1.192043e-01, 1.199110e-01, 3.318381e-01, 2.009015e-02, 158134784, 158382762, 13275610, 153309, 24247
37, audikw1, 8, 1.191339e-01, 1.197328e-01, 3.314338e-01, 1.966007e-02, 158134784, 158368779, 12889102, 139317, 22345
38, audikw1, 8, 1.193347e-01, 1.197693e-01, 3.308892e-01, 1.946900e-02, 158134784, 158356639, 12631612, 128073, 20947
39, audikw1, 8, 1.189471e-01, 1.195891e-01, 3.302889e-01, 1.913012e-02, 158134784, 158346261, 12302072, 116209, 19265
40, audikw1, 8, 1.189813e-01, 1.196074e-01, 3.310945e-01, 1.879634e-02, 158134784, 158332483, 11957768, 103839, 17465
41, audikw1, 8, 1.187391e-01, 1.194867e-01, 3.302222e-01, 1.855486e-02, 158134784, 158320654, 11646882, 91879, 16077
42, audikw1, 8, 1.186585e-01, 1.194391e-01, 3.299253e-01, 1.823467e-02, 158134784, 158309876, 11352244, 80277, 14506
43, audikw1, 8, 1.187352e-01, 1.192879e-01, 3.309708e-01, 1.805499e-02, 158134784, 158300193, 11154176, 70367, 13427
44, audikw1, 8, 1.185337e-01, 1.191408e-01, 3.301718e-01, 1.793061e-02, 158134784, 158289343, 10995322, 60250, 12574
45, audikw1, 8, 1.184297e-01, 1.190746e-01, 3.301751e-01, 1.778992e-02, 158134784, 158278426, 10900302, 48923, 12057
46, audikw1, 8, 1.184556e-01, 1.190348e-01, 3.301157e-01, 1.766499e-02, 158134784, 158272307, 10718114, 43362, 11126
47, audikw1, 8, 1.183613e-01, 1.191649e-01, 3.294098e-01, 1.754798e-02, 158134784, 158265803, 10588390, 36797, 10348
48, audikw1, 8, 1.183279e-01, 1.191356e-01, 3.295355e-01, 1.748427e-02, 158134784, 158258402, 10486406, 29275, 9761
49, audikw1, 8, 1.181710e-01, 1.189119e-01, 3.295120e-01, 1.737651e-02, 158134784, 158252459, 10384750, 23113, 9289
50, audikw1, 8, 1.182640e-01, 1.188159e-01, 3.291216e-01, 1.727958e-02, 158134784, 158247907, 10257778, 18391, 8773
51, audikw1, 8, 1.181640e-01, 1.188534e-01, 3.293509e-01, 1.732470e-02, 158134784, 158243880, 10256312, 15874, 8612
52, audikw1, 8, 1.181555e-01, 1.188891e-01, 3.298308e-01, 1.723938e-02, 158134784, 158240995, 10172858, 11670, 8174
53, audikw1, 8, 1.182050e-01, 1.186606e-01, 3.291936e-01, 1.733632e-02, 158134784, 158238212, 10192920, 8693, 8280
54, audikw1, 8, 1.181782e-01, 1.188151e-01, 3.297135e-01, 1.729252e-02, 158134784, 158237633, 10146290, 8150, 8150
0, audikw1, 10, 1.180486e-01, 1.188904e-01, 4.552152e-01, 1.610263e-02, 158134784, 159109559, 10187174, 951142, 9023
1, audikw1, 10, 1.314381e-01, 1.319155e-01, 3.112158e-01, 1.989339e-02, 158134784, 159981288, 12868168, 1822853, 22099
2, audikw1, 10, 1.292353e-01, 1.302491e-01, 3.081861e-01, 2.008332e-02, 158134784, 159565293, 13001234, 1406886, 22571
3, audikw1, 10, 1.280671e-01, 1.290134e-01, 3.074682e-01, 1.999903e-02, 158134784, 159407011, 12978706, 1248517, 22384
4, audikw1, 10, 1.270694e-01, 1.281669e-01, 3.055832e-01, 2.002981e-02, 158134784, 159283419, 13042960, 1125078, 22765
5, audikw1, 10, 1.264176e-01, 1.274239e-01, 3.051434e-01, 1.997285e-02, 158134784, 159189765, 13029042, 1031381, 22602
6, audikw1, 10, 1.258677e-01, 1.268846e-01, 3.039060e-01, 1.998623e-02, 158134784, 159103243, 12999290, 944604, 22478
7, audikw1, 10, 1.252739e-01, 1.260993e-01, 3.032937e-01, 1.996300e-02, 158134784, 159023619, 13019690, 865129, 22586
8, audikw1, 10, 1.247841e-01, 1.255082e-01, 3.025463e-01, 1.985503e-02, 158134784, 158955719, 12986524, 797529, 22447
9, audikw1, 10, 1.242454e-01, 1.250607e-01, 3.022361e-01, 1.999582e-02, 158134784, 158909267, 13054730, 751106, 22649
10, audikw1, 10, 1.239993e-01, 1.251015e-01, 3.015929e-01, 1.982137e-02, 158134784, 158877185, 12958954, 718537, 22294
11, audikw1, 10, 1.237705e-01, 1.245971e-01, 3.017858e-01, 1.975841e-02, 158134784, 158846480, 12908142, 687818, 21855
12, audikw1, 10, 1.234615e-01, 1.243442e-01, 3.008173e-01, 1.973636e-02, 158134784, 158821256, 12869988, 663062, 21915
13, audikw1, 10, 1.233152e-01, 1.242497e-01, 3.011533e-01, 1.971120e-02, 158134784, 158802948, 12898854, 644484, 21945
14, audikw1, 10, 1.232240e-01, 1.241289e-01, 3.003909e-01, 1.960277e-02, 158134784, 158790588, 12780148, 632391, 21376
15, audikw1, 10, 1.231210e-01, 1.239384e-01, 3.003366e-01, 1.954426e-02, 158134784, 158767782, 12752450, 609676, 21245
16, audikw1, 10, 1.229762e-01, 1.236281e-01, 2.999059e-01, 1.945349e-02, 158134784, 158748106, 12695748, 589824, 20877
17, audikw1, 10, 1.227604e-01, 1.235308e-01, 2.998935e-01, 1.933971e-02, 158134784, 158727620, 12620162, 569072, 20546
18, audikw1, 10, 1.225691e-01, 1.234369e-01, 2.993875e-01, 1.922852e-02, 158134784, 158710212, 12517550, 552002, 20024
19, audikw1, 10, 1.224929e-01, 1.232699e-01, 2.994008e-01, 1.905313e-02, 158134784, 158689485, 12413346, 530873, 19542
20, audikw1, 10, 1.224218e-01, 1.229993e-01, 2.995694e-01, 1.896636e-02, 158134784, 158669146, 12302264, 510457, 19079
21, audikw1, 10, 1.221562e-01, 1.228683e-01, 2.990360e-01, 1.868763e-02, 158134784, 158645519, 12091844, 487493, 18038
22, audikw1, 10, 1.218759e-01, 1.226809e-01, 2.992889e-01, 1.845601e-02, 158134784, 158627316, 11905954, 469001, 17209
23, audikw1, 10, 1.217977e-01, 1.225628e-01, 2.982936e-01, 1.824080e-02, 158134784, 158602899, 11736354, 444514, 16353
24, audikw1, 10, 1.216109e-01, 1.221811e-01, 2.985296e-01, 1.800165e-02, 158134784, 158576967, 11549764, 418626, 15256
25, audikw1, 10, 1.212235e-01, 1.220134e-01, 2.975278e-01, 1.773457e-02, 158134784, 158545533, 11351482, 387298, 14392
26, audikw1, 10, 1.209894e-01, 1.216257e-01, 2.971354e-01, 1.737511e-02, 158134784, 158509462, 11070078, 351131, 13083
27, audikw1, 10, 1.206211e-01, 1.213150e-01, 2.966361e-01, 1.732029e-02, 158134784, 158472829, 10994408, 314707, 12566
28, audikw1, 10, 1.204534e-01, 1.210263e-01, 2.971764e-01, 1.699996e-02, 158134784, 158440819, 10746064, 282465, 11392
29, audikw1, 10, 1.202475e-01, 1.209459e-01, 2.958315e-01, 1.684117e-02, 158134784, 158412529, 10594978, 254045, 10621
30, audikw1, 10, 1.199669e-01, 1.208175e-01, 2.958584e-01, 1.671113e-02, 158134784, 158387436, 10469470, 229074, 10039
31, audikw1, 10, 1.198055e-01, 1.205232e-01, 2.957913e-01, 1.657468e-02, 158134784, 158369391, 10337974, 211191, 9319
32, audikw1, 10, 1.198201e-01, 1.206683e-01, 2.951133e-01, 1.638880e-02, 158134784, 158353502, 10183582, 195063, 8497
33, audikw1, 10, 1.197451e-01, 1.203088e-01, 2.946709e-01, 1.625738e-02, 158134784, 158338207, 10043120, 179772, 7877
34, audikw1, 10, 1.195347e-01, 1.201453e-01, 2.950455e-01, 1.622435e-02, 158134784, 158325019, 9953100, 166495, 7320
35, audikw1, 10, 1.194043e-01, 1.200451e-01, 2.950837e-01, 1.607044e-02, 158134784, 158309264, 9851550, 151222, 6840
36, audikw1, 10, 1.192525e-01, 1.198818e-01, 2.943524e-01, 1.598222e-02, 158134784, 158294060, 9768444, 135568, 6390
37, audikw1, 10, 1.191075e-01, 1.197393e-01, 2.945313e-01, 1.586881e-02, 158134784, 158281443, 9669574, 123103, 5884
38, audikw1, 10, 1.190528e-01, 1.198217e-01, 2.945478e-01, 1.580382e-02, 158134784, 158270941, 9572848, 112762, 5380
39, audikw1, 10, 1.190391e-01, 1.195672e-01, 2.936326e-01, 1.573133e-02, 158134784, 158260209, 9494438, 102167, 5096
40, audikw1, 10, 1.188429e-01, 1.194455e-01, 2.941014e-01, 1.563247e-02, 158134784, 158249339, 9419172, 91218, 4608
41, audikw1, 10, 1.188761e-01, 1.193178e-01, 2.937649e-01, 1.556780e-02, 158134784, 158238486, 9337086, 80120, 4185
42, audikw1, 10, 1.187783e-01, 1.194227e-01, 2.933643e-01, 1.548057e-02, 158134784, 158228136, 9237290, 69650, 3707
43, audikw1, 10, 1.187098e-01, 1.192588e-01, 2.935153e-01, 1.543944e-02, 158134784, 158218788, 9185004, 60560, 3459
44, audikw1, 10, 1.186100e-01, 1.191984e-01, 2.935589e-01, 1.539092e-02, 158134784, 158209099, 9120666, 50919, 3114
45, audikw1, 10, 1.185388e-01, 1.191356e-01, 2.933748e-01, 1.543926e-02, 158134784, 158198729, 9119774, 40041, 3068
46, audikw1, 10, 1.184534e-01, 1.192210e-01, 2.928342e-01, 1.532066e-02, 158134784, 158193479, 9049160, 35186, 2795
47, audikw1, 10, 1.184233e-01, 1.189551e-01, 2.932272e-01, 1.543755e-02, 158134784, 158187697, 9009770, 29123, 2582
48, audikw1, 10, 1.183124e-01, 1.189044e-01, 2.926358e-01, 1.532990e-02, 158134784, 158180338, 8992292, 22096, 2510
49, audikw1, 10, 1.184773e-01, 1.189661e-01, 2.931213e-01, 1.534445e-02, 158134784, 158175023, 8959420, 16169, 2287
50, audikw1, 10, 1.182863e-01, 1.188553e-01, 2.926764e-01, 1.532138e-02, 158134784, 158170214, 8930862, 11809, 2148
51, audikw1, 10, 1.182163e-01, 1.188118e-01, 2.927959e-01, 1.533134e-02, 158134784, 158168086, 8917590, 9402, 2103
52, audikw1, 10, 1.181436e-01, 1.187604e-01, 2.927599e-01, 1.537779e-02, 158134784, 158163803, 8917752, 5572, 2067
53, audikw1, 10, 1.181297e-01, 1.188636e-01, 2.925705e-01, 1.536875e-02, 158134784, 158161053, 8925920, 2504, 2090
54, audikw1, 10, 1.182116e-01, 1.187860e-01, 2.933030e-01, 1.537053e-02, 158134784, 158160293, 8895782, 2006, 2006
0, audikw1, 12, 1.177681e-01, 1.188382e-01, 4.429161e-01, 1.428786e-02, 158134784, 159085371, 8900900, 944578, 2198
1, audikw1, 12, 1.314165e-01, 1.320476e-01, 3.003792e-01, 1.559312e-02, 158134784, 159948550, 9624550, 1807817, 5641
2, audikw1, 12, 1.292934e-01, 1.302635e-01, 2.975780e-01, 1.561349e-02, 158134784, 159532198, 9623658, 1391437, 5592
3, audikw1, 12, 1.280909e-01, 1.292287e-01, 2.965875e-01, 1.565681e-02, 158134784, 159374003, 9647532, 1233333, 5748
4, audikw1, 12, 1.271484e-01, 1.281421e-01, 2.951396e-01, 1.567675e-02, 158134784, 159249942, 9654346, 1109353, 5749
5, audikw1, 12, 1.263862e-01, 1.273875e-01, 2.943815e-01, 1.565083e-02, 158134784, 159156276, 9624034, 1015484, 5632
6, audikw1, 12, 1.257166e-01, 1.269430e-01, 2.934405e-01, 1.559186e-02, 158134784, 159069537, 9628772, 928867, 5702
7, audikw1, 12, 1.252350e-01, 1.261463e-01, 2.930319e-01, 1.563796e-02, 158134784, 158989589, 9631986, 848977, 5610
8, audikw1, 12, 1.246113e-01, 1.254976e-01, 2.921217e-01, 1.563010e-02, 158134784, 158921858, 9639716, 781466, 5702
9, audikw1, 12, 1.242501e-01, 1.251920e-01, 2.916513e-01, 1.570815e-02, 158134784, 158875483, 9647706, 734823, 5760
10, audikw1, 12, 1.239414e-01, 1.249102e-01, 2.913301e-01, 1.561417e-02, 158134784, 158843107, 9625252, 702430, 5647
11, audikw1, 12, 1.237197e-01, 1.246292e-01, 2.907616e-01, 1.568146e-02, 158134784, 158812959, 9640768, 672240, 5668
12, audikw1, 12, 1.235110e-01, 1.243759e-01, 2.907608e-01, 1.564953e-02, 158134784, 158787970, 9630692, 647265, 5639
13, audikw1, 12, 1.232817e-01, 1.240912e-01, 2.903148e-01, 1.557268e-02, 158134784, 158769322, 9598810, 628446, 5476
14, audikw1, 12, 1.231970e-01, 1.240666e-01, 2.900269e-01, 1.559884e-02, 158134784, 158757518, 9589066, 616923, 5443
15, audikw1, 12, 1.232866e-01, 1.237952e-01, 2.899228e-01, 1.555667e-02, 158134784, 158735054, 9562808, 594215, 5297
16, audikw1, 12, 1.228295e-01, 1.236837e-01, 2.895887e-01, 1.565401e-02, 158134784, 158715286, 9535502, 574497, 5150
17, audikw1, 12, 1.228493e-01, 1.237731e-01, 2.895673e-01, 1.550728e-02, 158134784, 158694812, 9536238, 554112, 5211
18, audikw1, 12, 1.225811e-01, 1.234293e-01, 2.894699e-01, 1.549212e-02, 158134784, 158678089, 9529592, 537440, 5108
19, audikw1, 12, 1.224627e-01, 1.232628e-01, 2.893710e-01, 1.541228e-02, 158134784, 158657275, 9473822, 516635, 4832
20, audikw1, 12, 1.224635e-01, 1.230324e-01, 2.888345e-01, 1.536234e-02, 158134784, 158637391, 9445822, 496513, 4726
21, audikw1, 12, 1.221201e-01, 1.228607e-01, 2.887182e-01, 1.532053e-02, 158134784, 158615021, 9412472, 474358, 4586
22, audikw1, 12, 1.219896e-01, 1.230377e-01, 2.887521e-01, 1.527109e-02, 158134784, 158596996, 9379614, 456537, 4428
23, audikw1, 12, 1.217891e-01, 1.224957e-01, 2.884211e-01, 1.515495e-02, 158134784, 158573188, 9303618, 432559, 4101
24, audikw1, 12, 1.215154e-01, 1.222371e-01, 2.878915e-01, 1.517406e-02, 158134784, 158548185, 9264138, 407533, 3846
25, audikw1, 12, 1.211344e-01, 1.219857e-01, 2.874474e-01, 1.503065e-02, 158134784, 158517495, 9202820, 376704, 3545
26, audikw1, 12, 1.209114e-01, 1.215529e-01, 2.872036e-01, 1.494718e-02, 158134784, 158482291, 9153780, 341560, 3378
27, audikw1, 12, 1.205694e-01, 1.212927e-01, 2.865873e-01, 1.487103e-02, 158134784, 158446136, 9116694, 305468, 3150
28, audikw1, 12, 1.203535e-01, 1.209350e-01, 2.860813e-01, 1.479945e-02, 158134784, 158414549, 9035822, 273978, 2765
29, audikw1, 12, 1.202861e-01, 1.209964e-01, 2.862047e-01, 1.478939e-02, 158134784, 158387057, 9032532, 246338, 2730
30, audikw1, 12, 1.198960e-01, 1.206501e-01, 2.860037e-01, 1.471224e-02, 158134784, 158362339, 8998036, 221700, 2491
31, audikw1, 12, 1.200572e-01, 1.204679e-01, 2.857005e-01, 1.474849e-02, 158134784, 158345046, 8957994, 204385, 2370
32, audikw1, 12, 1.196415e-01, 1.203575e-01, 2.851474e-01, 1.471689e-02, 158134784, 158329475, 8929474, 188904, 2194
33, audikw1, 12, 1.195554e-01, 1.204492e-01, 2.851535e-01, 1.463433e-02, 158134784, 158314684, 8892788, 174055, 2015
34, audikw1, 12, 1.194717e-01, 1.201362e-01, 2.851953e-01, 1.457289e-02, 158134784, 158301791, 8848380, 161154, 1788
35, audikw1, 12, 1.194024e-01, 1.201940e-01, 2.846328e-01, 1.464504e-02, 158134784, 158286980, 8843058, 146243, 1710
36, audikw1, 12, 1.192069e-01, 1.199260e-01, 2.848995e-01, 1.455116e-02, 158134784, 158271398, 8812748, 130877, 1580
37, audikw1, 12, 1.191678e-01, 1.198469e-01, 2.845336e-01, 1.456156e-02, 158134784, 158259374, 8789656, 118798, 1489
38, audikw1, 12, 1.190504e-01, 1.196492e-01, 2.843628e-01, 1.452065e-02, 158134784, 158249468, 8763854, 108772, 1331
39, audikw1, 12, 1.189364e-01, 1.196429e-01, 2.845358e-01, 1.453758e-02, 158134784, 158239183, 8750552, 98464, 1271
40, audikw1, 12, 1.189450e-01, 1.195731e-01, 2.838705e-01, 1.460429e-02, 158134784, 158228646, 8734846, 87879, 1201
41, audikw1, 12, 1.187820e-01, 1.194406e-01, 3.372601e-01, 1.453248e-02, 158134784, 158217831, 8710144, 77096, 1075
42, audikw1, 12, 1.186696e-01, 1.194264e-01, 3.262335e-01, 1.451105e-02, 158134784, 158207574, 8672256, 66932, 918
43, audikw1, 12, 1.185465e-01, 1.192847e-01, 2.833778e-01, 1.368963e-02, 158134784, 158198762, 8664508, 58051, 877
44, audikw1, 12, 1.184623e-01, 1.191366e-01, 2.820790e-01, 1.449520e-02, 158134784, 158189365, 8648732, 48632, 782
45, audikw1, 12, 1.184531e-01, 1.191535e-01, 2.836500e-01, 1.452743e-02, 158134784, 158178563, 8652658, 37791, 787
46, audikw1, 12, 1.184360e-01, 1.190582e-01, 2.831024e-01, 1.449065e-02, 158134784, 158173729, 8645138, 33193, 752
47, audikw1, 12, 1.183979e-01, 1.191324e-01, 2.834501e-01, 1.451694e-02, 158134784, 158167933, 8626876, 27258, 667
48, audikw1, 12, 1.185588e-01, 1.188869e-01, 2.831266e-01, 1.458050e-02, 158134784, 158160931, 8633614, 20314, 697
49, audikw1, 12, 1.181906e-01, 1.190322e-01, 2.834926e-01, 1.454730e-02, 158134784, 158155104, 8604214, 14463, 562
50, audikw1, 12, 1.181720e-01, 1.189415e-01, 2.831663e-01, 1.453692e-02, 158134784, 158150921, 8605106, 10219, 545
51, audikw1, 12, 1.181972e-01, 1.188292e-01, 2.831867e-01, 1.455700e-02, 158134784, 158148765, 8591932, 7807, 493
52, audikw1, 12, 1.182156e-01, 1.188755e-01, 2.833839e-01, 1.461231e-02, 158134784, 158144674, 8603818, 4036, 526
53, audikw1, 12, 1.180757e-01, 1.187487e-01, 2.829783e-01, 1.457931e-02, 158134784, 158141590, 8595064, 899, 484
54, audikw1, 12, 1.181781e-01, 1.188110e-01, 2.828134e-01, 1.458975e-02, 158134784, 158141281, 8600672, 539, 539
0, audikw1, 14, 1.178875e-01, 1.187822e-01, 4.408623e-01, 1.397824e-02, 158134784, 159079323, 8593732, 943005, 541
1, audikw1, 14, 1.314018e-01, 1.319161e-01, 2.978941e-01, 1.425643e-02, 158134784, 159940373, 8771724, 1804153, 1425
2, audikw1, 14, 1.294118e-01, 1.302305e-01, 2.950589e-01, 1.431210e-02, 158134784, 159524040, 8778842, 1387698, 1421
3, audikw1, 14, 1.281928e-01, 1.290926e-01, 2.934875e-01, 1.434506e-02, 158134784, 159365766, 8786050, 1229420, 1444
4, audikw1, 14, 1.271766e-01, 1.282363e-01, 2.927904e-01, 1.427072e-02, 158134784, 159241737, 8780732, 1105453, 1439
5, audikw1, 14, 1.264725e-01, 1.274748e-01, 2.915604e-01, 1.431056e-02, 158134784, 159147881, 8778538, 1011585, 1387
6, audikw1, 14, 1.257527e-01, 1.269218e-01, 2.909344e-01, 1.431207e-02, 158134784, 159061109, 8783342, 924849, 1427
7, audikw1, 14, 1.251143e-01, 1.262429e-01, 2.902055e-01, 1.435576e-02, 158134784, 158981352, 8781248, 845065, 1448
8, audikw1, 14, 1.247979e-01, 1.255081e-01, 2.895577e-01, 1.432405e-02, 158134784, 158913654, 8783916, 777404, 1413
9, audikw1, 14, 1.242269e-01, 1.251247e-01, 2.887945e-01, 1.432551e-02, 158134784, 158866831, 8773688, 730636, 1370
10, audikw1, 14, 1.240130e-01, 1.248730e-01, 2.884479e-01, 1.432672e-02, 158134784, 158834676, 8774452, 698368, 1390
11, audikw1, 14, 1.237168e-01, 1.246283e-01, 2.885651e-01, 1.435374e-02, 158134784, 158804378, 8768934, 668104, 1389
12, audikw1, 14, 1.234461e-01, 1.243674e-01, 2.880127e-01, 1.434071e-02, 158134784, 158779402, 8776594, 643181, 1411
13, audikw1, 14, 1.233388e-01, 1.242904e-01, 2.876337e-01, 1.433741e-02, 158134784, 158760922, 8772270, 624606, 1425
14, audikw1, 14, 1.231943e-01, 1.240593e-01, 2.876797e-01, 1.434954e-02, 158134784, 158749252, 8764656, 612947, 1347
15, audikw1, 14, 1.230300e-01, 1.239718e-01, 2.874126e-01, 1.431258e-02, 158134784, 158726638, 8757336, 590352, 1332
16, audikw1, 14, 1.228416e-01, 1.236918e-01, 2.869502e-01, 1.435328e-02, 158134784, 158706948, 8755050, 570796, 1329
17, audikw1, 14, 1.227620e-01, 1.234806e-01, 2.872040e-01, 1.430856e-02, 158134784, 158686693, 8768664, 550414, 1368
18, audikw1, 14, 1.226955e-01, 1.234807e-01, 2.869228e-01, 1.432225e-02, 158134784, 158670027, 8743540, 533739, 1249
19, audikw1, 14, 1.225059e-01, 1.232425e-01, 2.865279e-01, 1.430826e-02, 158134784, 158649350, 8739374, 513167, 1250
20, audikw1, 14, 1.223185e-01, 1.231432e-01, 2.864969e-01, 1.432142e-02, 158134784, 158629349, 8728320, 493102, 1200
21, audikw1, 14, 1.221410e-01, 1.229566e-01, 2.862754e-01, 1.430507e-02, 158134784, 158607371, 8724510, 471059, 1164
22, audikw1, 14, 1.219847e-01, 1.229072e-01, 2.859303e-01, 1.430550e-02, 158134784, 158589581, 8712728, 453318, 1091
23, audikw1, 14, 1.216814e-01, 1.225151e-01, 2.856268e-01, 1.428234e-02, 158134784, 158565949, 8711228, 429616, 1103
24, audikw1, 14, 1.215380e-01, 1.223465e-01, 2.855759e-01, 1.421903e-02, 158134784, 158540898, 8683870, 404731, 970
25, audikw1, 14, 1.212072e-01, 1.218934e-01, 2.849763e-01, 1.430390e-02, 158134784, 158510430, 8676438, 374136, 912
26, audikw1, 14, 1.209425e-01, 1.216958e-01, 2.845695e-01, 1.418546e-02, 158134784, 158475327, 8661436, 339139, 844
27, audikw1, 14, 1.206431e-01, 1.213601e-01, 2.841953e-01, 1.427542e-02, 158134784, 158439489, 8648788, 303191, 772
28, audikw1, 14, 1.203343e-01, 1.210318e-01, 2.839293e-01, 1.425358e-02, 158134784, 158408208, 8647482, 272053, 762
29, audikw1, 14, 1.200462e-01, 1.208805e-01, 2.835129e-01, 1.422554e-02, 158134784, 158380658, 8627678, 244355, 680
30, audikw1, 14, 1.199478e-01, 1.206947e-01, 2.832831e-01, 1.421739e-02, 158134784, 158356137, 8626680, 219925, 669
31, audikw1, 14, 1.197312e-01, 1.205902e-01, 2.831456e-01, 1.420832e-02, 158134784, 158338866, 8594392, 202601, 538
32, audikw1, 14, 1.196688e-01, 1.203599e-01, 2.827251e-01, 1.422855e-02, 158134784, 158323657, 8602622, 187315, 572
33, audikw1, 14, 1.195828e-01, 1.203033e-01, 2.827007e-01, 1.425571e-02, 158134784, 158308821, 8593130, 172566, 488
34, audikw1, 14, 1.194746e-01, 1.202358e-01, 2.826090e-01, 1.421836e-02, 158134784, 158296096, 8583078, 159855, 468
35, audikw1, 14, 1.196679e-01, 1.199929e-01, 2.822830e-01, 1.422131e-02, 158134784, 158281173, 8580470, 145007, 431
36, audikw1, 14, 1.191920e-01, 1.199610e-01, 2.821686e-01, 1.427830e-02, 158134784, 158265945, 8569780, 129722, 394
37, audikw1, 14, 1.191348e-01, 1.197713e-01, 2.821242e-01, 1.423932e-02, 158134784, 158254000, 8564126, 117710, 359
38, audikw1, 14, 1.190225e-01, 1.197632e-01, 2.820320e-01, 1.426161e-02, 158134784, 158244044, 8561534, 107808, 338
39, audikw1, 14, 1.189414e-01, 1.197949e-01, 2.821066e-01, 1.429591e-02, 158134784, 158233831, 8558228, 97540, 317
40, audikw1, 14, 1.188806e-01, 1.195413e-01, 2.815861e-01, 1.425589e-02, 158134784, 158223272, 8547272, 86994, 284
41, audikw1, 14, 1.187717e-01, 1.194241e-01, 2.817314e-01, 1.426791e-02, 158134784, 158212627, 8547074, 76310, 269
42, audikw1, 14, 1.186946e-01, 1.193133e-01, 2.815036e-01, 1.433229e-02, 158134784, 158202573, 8542612, 66270, 247
43, audikw1, 14, 1.186060e-01, 1.191970e-01, 2.815946e-01, 1.422663e-02, 158134784, 158193644, 8544274, 57431, 250
44, audikw1, 14, 1.185874e-01, 1.191744e-01, 2.815550e-01, 1.430219e-02, 158134784, 158184275, 8526934, 48045, 181
45, audikw1, 14, 1.184478e-01, 1.191076e-01, 2.813988e-01, 1.435056e-02, 158134784, 158173558, 8531760, 37210, 195
46, audikw1, 14, 1.183909e-01, 1.191108e-01, 2.813628e-01, 1.440379e-02, 158134784, 158168882, 8525802, 32619, 162
47, audikw1, 14, 1.183470e-01, 1.189786e-01, 2.811863e-01, 1.436636e-02, 158134784, 158163081, 8526520, 26768, 175
48, audikw1, 14, 1.182181e-01, 1.189553e-01, 2.809350e-01, 1.442916e-02, 158134784, 158156055, 8524470, 19779, 156
49, audikw1, 14, 1.182414e-01, 1.188618e-01, 2.807902e-01, 1.440484e-02, 158134784, 158150300, 8524124, 14056, 149
50, audikw1, 14, 1.181843e-01, 1.188739e-01, 2.808356e-01, 1.446337e-02, 158134784, 158146031, 8521304, 9813, 140
51, audikw1, 14, 1.182792e-01, 1.188047e-01, 2.809995e-01, 1.446463e-02, 158134784, 158143634, 8522266, 7461, 145
52, audikw1, 14, 1.183106e-01, 1.187778e-01, 2.806117e-01, 1.451490e-02, 158134784, 158139895, 8517034, 3642, 130
53, audikw1, 14, 1.180633e-01, 1.188320e-01, 2.805976e-01, 1.447815e-02, 158134784, 158136752, 8516890, 541, 127
54, audikw1, 14, 1.180880e-01, 1.188013e-01, 2.807043e-01, 1.446208e-02, 158134784, 158136385, 8518712, 128, 128
0, audikw1, 16, 1.179247e-01, 1.192365e-01, 4.407187e-01, 1.413829e-02, 158134784, 159077787, 8519182, 942620, 133
1, audikw1, 16, 1.314229e-01, 1.319191e-01, 2.970772e-01, 1.404649e-02, 158134784, 159938433, 8566646, 1803254, 359
2, audikw1, 16, 1.292102e-01, 1.302482e-01, 2.940753e-01, 1.409555e-02, 158134784, 159521908, 8565020, 1386760, 365
3, audikw1, 16, 1.281188e-01, 1.292355e-01, 2.929264e-01, 1.407941e-02, 158134784, 159363614, 8562444, 1228396, 342
4, audikw1, 16, 1.270990e-01, 1.281449e-01, 2.917943e-01, 1.409817e-02, 158134784, 159239633, 8559674, 1104436, 335
5, audikw1, 16, 1.264063e-01, 1.275903e-01, 2.908437e-01, 1.409727e-02, 158134784, 159145746, 8565002, 1010590, 359
6, audikw1, 16, 1.258607e-01, 1.267046e-01, 2.902314e-01, 1.410233e-02, 158134784, 159058955, 8561956, 923818, 337
7, audikw1, 16, 1.252881e-01, 1.262034e-01, 2.895649e-01, 1.411321e-02, 158134784, 158979217, 8568602, 844039, 380
8, audikw1, 16, 1.249110e-01, 1.254879e-01, 2.888699e-01, 1.413601e-02, 158134784, 158911555, 8566018, 776385, 349
9, audikw1, 16, 1.242272e-01, 1.251838e-01, 2.881993e-01, 1.411693e-02, 158134784, 158864806, 8568254, 729659, 362
10, audikw1, 16, 1.239379e-01, 1.248095e-01, 2.879340e-01, 1.418897e-02, 158134784, 158832514, 8569364, 697393, 359
11, audikw1, 16, 1.236786e-01, 1.246672e-01, 2.875129e-01, 1.408361e-02, 158134784, 158802243, 8565210, 667087, 366
12, audikw1, 16, 1.234363e-01, 1.244089e-01, 2.873925e-01, 1.413290e-02, 158134784, 158777356, 8558692, 642169, 343
13, audikw1, 16, 1.233567e-01, 1.242286e-01, 2.873736e-01, 1.416383e-02, 158134784, 158758695, 8566090, 623562, 352
14, audikw1, 16, 1.232676e-01, 1.240865e-01, 2.871289e-01, 1.412699e-02, 158134784, 158747165, 8562572, 611987, 344
15, audikw1, 16, 1.229537e-01, 1.238999e-01, 2.866785e-01, 1.416301e-02, 158134784, 158724587, 8564522, 589396, 338
16, audikw1, 16, 1.228575e-01, 1.236135e-01, 2.865119e-01, 1.414829e-02, 158134784, 158704979, 8561788, 569840, 346
17, audikw1, 16, 1.226927e-01, 1.235315e-01, 2.862293e-01, 1.418480e-02, 158134784, 158684561, 8560656, 549395, 324
18, audikw1, 16, 1.225596e-01, 1.234451e-01, 2.862714e-01, 1.410891e-02, 158134784, 158668029, 8557916, 532845, 320
19, audikw1, 16, 1.224314e-01, 1.233283e-01, 2.860088e-01, 1.415172e-02, 158134784, 158647390, 8559758, 512256, 314
20, audikw1, 16, 1.222182e-01, 1.230971e-01, 2.860450e-01, 1.409628e-02, 158134784, 158627388, 8546872, 492215, 277
21, audikw1, 16, 1.220598e-01, 1.229275e-01, 2.855310e-01, 1.418695e-02, 158134784, 158605381, 8551674, 470215, 288
22, audikw1, 16, 1.219288e-01, 1.227305e-01, 2.853629e-01, 1.419569e-02, 158134784, 158587680, 8547978, 452504, 267
23, audikw1, 16, 1.217899e-01, 1.225690e-01, 2.850411e-01, 1.421164e-02, 158134784, 158563932, 8543442, 428810, 246
24, audikw1, 16, 1.217376e-01, 1.222804e-01, 2.847044e-01, 1.419064e-02, 158134784, 158539133, 8537882, 404013, 230
25, audikw1, 16, 1.211134e-01, 1.219556e-01, 2.843256e-01, 1.427146e-02, 158134784, 158508607, 8532716, 373440, 197
26, audikw1, 16, 1.208439e-01, 1.216727e-01, 2.840672e-01, 1.421997e-02, 158134784, 158473681, 8534856, 338522, 204
27, audikw1, 16, 1.205570e-01, 1.212642e-01, 2.835171e-01, 1.417601e-02, 158134784, 158437768, 8533242, 302632, 198
28, audikw1, 16, 1.203036e-01, 1.210778e-01, 2.830856e-01, 1.428639e-02, 158134784, 158406608, 8526728, 271466, 170
29, audikw1, 16, 1.203330e-01, 1.209615e-01, 2.828682e-01, 1.423667e-02, 158134784, 158379023, 8525920, 243861, 163
30, audikw1, 16, 1.199839e-01, 1.206136e-01, 2.826708e-01, 1.428404e-02, 158134784, 158354621, 8528248, 219432, 172
31, audikw1, 16, 1.198238e-01, 1.205490e-01, 2.822773e-01, 1.422370e-02, 158134784, 158337391, 8523708, 202235, 165
32, audikw1, 16, 1.197647e-01, 1.202760e-01, 2.821998e-01, 1.428449e-02, 158134784, 158322069, 8516292, 186889, 126
33, audikw1, 16, 1.196340e-01, 1.203902e-01, 2.822742e-01, 1.427235e-02, 158134784, 158307385, 8518330, 172210, 124
34, audikw1, 16, 1.194887e-01, 1.202819e-01, 2.819011e-01, 1.430730e-02, 158134784, 158294685, 8516126, 159522, 119
35, audikw1, 16, 1.193918e-01, 1.200318e-01, 2.817937e-01, 1.433997e-02, 158134784, 158279844, 8516138, 144703, 113
36, audikw1, 16, 1.191639e-01, 1.199595e-01, 2.814571e-01, 1.433508e-02, 158134784, 158264611, 8512304, 129432, 95
37, audikw1, 16, 1.191161e-01, 1.198929e-01, 2.813418e-01, 1.434661e-02, 158134784, 158252632, 8514250, 117458, 106
38, audikw1, 16, 1.190004e-01, 1.196171e-01, 2.812125e-01, 1.433754e-02, 158134784, 158242676, 8509186, 107559, 85
39, audikw1, 16, 1.189611e-01, 1.195562e-01, 2.811218e-01, 1.434509e-02, 158134784, 158232477, 8512692, 97314, 93
40, audikw1, 16, 1.189810e-01, 1.198156e-01, 2.813224e-01, 1.439501e-02, 158134784, 158221900, 8506340, 86775, 68
41, audikw1, 16, 1.189707e-01, 1.194138e-01, 2.809935e-01, 1.437779e-02, 158134784, 158211258, 8504410, 76104, 58
42, audikw1, 16, 1.186363e-01, 1.194771e-01, 2.807616e-01, 1.444938e-02, 158134784, 158201288, 8502704, 66087, 53
43, audikw1, 16, 1.185497e-01, 1.193296e-01, 2.807387e-01, 1.440368e-02, 158134784, 158192438, 8503110, 57241, 51
44, audikw1, 16, 1.185080e-01, 1.191466e-01, 2.805648e-01, 1.440982e-02, 158134784, 158183080, 8504328, 47922, 54
45, audikw1, 16, 1.183732e-01, 1.192597e-01, 2.803850e-01, 1.443603e-02, 158134784, 158172245, 8505498, 37066, 51
46, audikw1, 16, 1.184055e-01, 1.191447e-01, 2.803595e-01, 1.440555e-02, 158134784, 158167686, 8504206, 32511, 52
47, audikw1, 16, 1.184231e-01, 1.190012e-01, 2.805682e-01, 1.442069e-02, 158134784, 158161824, 8501456, 26630, 35
48, audikw1, 16, 1.183344e-01, 1.189855e-01, 2.802370e-01, 1.444270e-02, 158134784, 158154792, 8500554, 19665, 39
49, audikw1, 16, 1.182625e-01, 1.188928e-01, 2.802533e-01, 1.445552e-02, 158134784, 158149105, 8499862, 13935, 28
50, audikw1, 16, 1.182554e-01, 1.189051e-01, 2.802150e-01, 1.444323e-02, 158134784, 158144890, 8502112, 9715, 40
51, audikw1, 16, 1.181606e-01, 1.188048e-01, 2.804981e-01, 1.448848e-02, 158134784, 158142452, 8499562, 7351, 34
52, audikw1, 16, 1.181369e-01, 1.187659e-01, 2.799761e-01, 1.446686e-02, 158134784, 158138655, 8499656, 3542, 29
53, audikw1, 16, 1.181103e-01, 1.186761e-01, 2.800529e-01, 1.448712e-02, 158134784, 158135605, 8499688, 445, 31
54, audikw1, 16, 1.181788e-01, 1.187495e-01, 2.800920e-01, 1.446202e-02, 158134784, 158135181, 8500642, 34, 34
0, audikw1, 18, 1.178983e-01, 1.188147e-01, 4.396122e-01, 1.429067e-02, 158134784, 159077400, 8499278, 942517, 29
1, audikw1, 18, 1.319911e-01, 1.319427e-01, 2.970327e-01, 1.427980e-02, 158134784, 159937874, 8507968, 1802993, 76
2, audikw1, 18, 1.292303e-01, 1.303895e-01, 2.940265e-01, 1.432071e-02, 158134784, 159521385, 8510708, 1386522, 92
3, audikw1, 18, 1.280776e-01, 1.292570e-01, 2.927263e-01, 1.425814e-02, 158134784, 159363064, 8511240, 1228177, 84
4, audikw1, 18, 1.271797e-01, 1.282336e-01, 2.915377e-01, 1.423332e-02, 158134784, 159239063, 8509302, 1104199, 84
5, audikw1, 18, 1.264063e-01, 1.274731e-01, 2.907578e-01, 1.422471e-02, 158134784, 159145238, 8511912, 1010351, 96
6, audikw1, 18, 1.258108e-01, 1.268152e-01, 2.899145e-01, 1.429084e-02, 158134784, 159058440, 8509610, 923570, 77
7, audikw1, 18, 1.251455e-01, 1.260742e-01, 2.891567e-01, 1.431383e-02, 158134784, 158978652, 8511216, 843772, 93
8, audikw1, 18, 1.246458e-01, 1.255969e-01, 2.886525e-01, 1.426655e-02, 158134784, 158911017, 8510390, 776145, 95
9, audikw1, 18, 1.247684e-01, 1.251502e-01, 2.881655e-01, 1.432993e-02, 158134784, 158864259, 8509974, 729400, 87
10, audikw1, 18, 1.239155e-01, 1.249334e-01, 2.876534e-01, 1.432057e-02, 158134784, 158832000, 8510514, 697137, 93
11, audikw1, 18, 1.237679e-01, 1.246042e-01, 2.874928e-01, 1.433141e-02, 158134784, 158801692, 8509664, 666822, 77
12, audikw1, 18, 1.234570e-01, 1.244066e-01, 2.869229e-01, 1.441512e-02, 158134784, 158776824, 8514316, 641933, 97
13, audikw1, 18, 1.233115e-01, 1.241416e-01, 2.868655e-01, 1.427205e-02, 158134784, 158758200, 8512210, 623311, 97
14, audikw1, 18, 1.234660e-01, 1.240505e-01, 2.866952e-01, 1.429649e-02, 158134784, 158746623, 8512116, 611750, 87
15, audikw1, 18, 1.229582e-01, 1.238342e-01, 2.864712e-01, 1.435935e-02, 158134784, 158724005, 8508180, 589139, 72
16, audikw1, 18, 1.228138e-01, 1.237702e-01, 2.864421e-01, 1.432646e-02, 158134784, 158704471, 8512552, 569591, 97
17, audikw1, 18, 1.227308e-01, 1.235740e-01, 2.861460e-01, 1.431086e-02, 158134784, 158684036, 8509768, 549166, 85
18, audikw1, 18, 1.226218e-01, 1.234855e-01, 2.859790e-01, 1.434150e-02, 158134784, 158667480, 8507934, 532604, 75
19, audikw1, 18, 1.224472e-01, 1.234180e-01, 2.858132e-01, 1.434368e-02, 158134784, 158646902, 8510154, 512029, 75
20, audikw1, 18, 1.223740e-01, 1.230642e-01, 2.855607e-01, 1.431630e-02, 158134784, 158626906, 8511204, 492032, 84
21, audikw1, 18, 1.221016e-01, 1.230016e-01, 2.852643e-01, 1.434206e-02, 158134784, 158604883, 8506846, 469999, 64
22, audikw1, 18, 1.219882e-01, 1.226988e-01, 2.852943e-01, 1.439408e-02, 158134784, 158587188, 8505246, 452310, 60
23, audikw1, 18, 1.217171e-01, 1.225442e-01, 2.846586e-01, 1.432573e-02, 158134784, 158563519, 8509374, 428648, 81
24, audikw1, 18, 1.214541e-01, 1.222870e-01, 2.844453e-01, 1.433026e-02, 158134784, 158538728, 8505394, 403845, 58
25, audikw1, 18, 1.212195e-01, 1.219428e-01, 2.839552e-01, 1.436441e-02, 158134784, 158508172, 8502996, 373300, 51
26, audikw1, 18, 1.208688e-01, 1.217246e-01, 2.839154e-01, 1.439638e-02, 158134784, 158473229, 8501490, 338366, 45
27, audikw1, 18, 1.205584e-01, 1.214582e-01, 2.832509e-01, 1.437342e-02, 158134784, 158437369, 8503512, 302481, 45
28, audikw1, 18, 1.203487e-01, 1.210895e-01, 2.828286e-01, 1.439090e-02, 158134784, 158406221, 8504256, 271353, 51
29, audikw1, 18, 1.202414e-01, 1.207434e-01, 2.827892e-01, 1.437062e-02, 158134784, 158378626, 8502416, 243743, 44
30, audikw1, 18, 1.201031e-01, 1.206850e-01, 2.823303e-01, 1.441251e-02, 158134784, 158354192, 8499464, 219298, 32
31, audikw1, 18, 1.198102e-01, 1.205249e-01, 2.821325e-01, 1.441543e-02, 158134784, 158336973, 8500010, 202107, 35
32, audikw1, 18, 1.196621e-01, 1.204638e-01, 2.819159e-01, 1.441013e-02, 158134784, 158321673, 8500906, 186799, 37
33, audikw1, 18, 1.195374e-01, 1.202732e-01, 2.818267e-01, 1.445074e-02, 158134784, 158306995, 8498196, 172117, 30
34, audikw1, 18, 1.195251e-01, 1.202002e-01, 2.817485e-01, 1.440886e-02, 158134784, 158294319, 8499630, 159431, 27
35, audikw1, 18, 1.193771e-01, 1.202322e-01, 2.816574e-01, 1.440068e-02, 158134784, 158279499, 8498282, 144618, 29
36, audikw1, 18, 1.193117e-01, 1.199193e-01, 2.816807e-01, 1.437721e-02, 158134784, 158264246, 8497938, 129366, 27
37, audikw1, 18, 1.192850e-01, 1.197963e-01, 2.813539e-01, 1.439031e-02, 158134784, 158252253, 8497878, 117381, 24
38, audikw1, 18, 1.190061e-01, 1.198545e-01, 2.809808e-01, 1.440944e-02, 158134784, 158242404, 8496586, 107494, 16
39, audikw1, 18, 1.190942e-01, 1.196031e-01, 2.811752e-01, 1.439650e-02, 158134784, 158232122, 8495482, 97240, 10
40, audikw1, 18, 1.188713e-01, 1.195968e-01, 2.807836e-01, 1.442878e-02, 158134784, 158221616, 8498918, 86735, 26
41, audikw1, 18, 1.187587e-01, 1.194630e-01, 2.806836e-01, 1.441319e-02, 158134784, 158210969, 8496970, 76066, 19
42, audikw1, 18, 1.187525e-01, 1.194053e-01, 2.807453e-01, 1.441574e-02, 158134784, 158200929, 8496274, 66049, 13
43, audikw1, 18, 1.185934e-01, 1.193347e-01, 2.806687e-01, 1.444005e-02, 158134784, 158192090, 8496712, 57211, 19
44, audikw1, 18, 1.185162e-01, 1.191772e-01, 2.803917e-01, 1.442866e-02, 158134784, 158182759, 8496154, 47884, 13
45, audikw1, 18, 1.184446e-01, 1.191409e-01, 2.803027e-01, 1.444745e-02, 158134784, 158171911, 8495892, 37028, 12
46, audikw1, 18, 1.183706e-01, 1.191286e-01, 2.803518e-01, 1.446026e-02, 158134784, 158167347, 8494894, 32466, 7
47, audikw1, 18, 1.185518e-01, 1.190249e-01, 2.801710e-01, 1.440323e-02, 158134784, 158161463, 8495842, 26605, 10
48, audikw1, 18, 1.182610e-01, 1.188874e-01, 2.801426e-01, 1.443979e-02, 158134784, 158154507, 8495330, 19634, 8
49, audikw1, 18, 1.182825e-01, 1.190174e-01, 2.803851e-01, 1.446250e-02, 158134784, 158148778, 8494850, 13916, 8
50, audikw1, 18, 1.181688e-01, 1.188812e-01, 2.799636e-01, 1.444656e-02, 158134784, 158144556, 8495904, 9687, 12
51, audikw1, 18, 1.181747e-01, 1.189984e-01, 2.803165e-01, 1.442713e-02, 158134784, 158142220, 8495724, 7329, 12
52, audikw1, 18, 1.181819e-01, 1.187713e-01, 2.799458e-01, 1.444169e-02, 158134784, 158138398, 8495424, 3522, 9
53, audikw1, 18, 1.180786e-01, 1.188574e-01, 2.798701e-01, 1.445706e-02, 158134784, 158135297, 8494622, 422, 8
54, audikw1, 18, 1.181265e-01, 1.188174e-01, 2.798389e-01, 1.443594e-02, 158134784, 158134902, 8495394, 9, 9
